"Supervised learning needs labeled training examples to learn and predict correct outputs, while unsupervised learning works without labels by grouping data into classes or clusters.",Why does supervised learning depend on labeled data while unsupervised learning does not?,Compare how supervised and unsupervised learning approach the task of organizing or interpreting data.,Compare supervised learning and unsupervised learning in terms of data requirements and outcomes.,How do supervised and unsupervised learning differ in the type of data they require for training?,Why does supervised learning depend on labeled data while unsupervised learning does not?
"Learning by exploration can generate redundant or unhelpful information because the system may waste time on tasks that are not “interesting,” which slows performance and risks missing useful knowledge.",Why might learning by exploration generate redundant or unhelpful information?,How does the concept of “interesting” tasks affect the usefulness of learning by exploration?,Why does wasted time in exploration reduce the efficiency of the system?,"How are wasted time, performance slowdowns, and missed knowledge related when a system explores uninteresting tasks?",Why might learning by exploration generate redundant or unhelpful information?
"Classification is better when the goal is to assign inputs to categories like loan approval or disease diagnosis, while regression is more effective when predicting continuous values such as prices or steering angles.",In what contexts is classification more effective than regression?,How do the outcomes of classification differ from those of regression in real-world applications?,Compare the types of problems best handled by classification versus those best handled by regression.,Compare the strengths of classification vs regression tasks in real world applications. In which contexts would one be more effective than the other?,Compare the strengths of classification vs regression tasks in real world applications. In which contexts would one be more effective than the other?
"Because unlike classification or regression, which map inputs to outputs, reinforcement learning focuses on learning sequences of actions that maximize long-term rewards, which is useful in tasks like control or interactive decision-making.",Why is reinforcement learning different from classification and regression?,"Why is reinforcement learning particularly suited for robotics and game playing, compared to classification or regression?",Why is reinforcement learning better suited for tasks requiring long-term strategies compared to classification or regression?,Why can reinforcement learning be applied to sequential decision-making tasks while classification and regression cannot?,"Why is reinforcement learning particularly suited for robotics and game playing, compared to classification or regression?"
"An ensemble works best when base learners are not only accurate but also diverse, because different learners make different errors that can balance each other out.",How do diversity and accuracy together influence the performance of an ensemble?,Why is accuracy alone not enough to build the strongest ensemble?,Why does an ensemble work best when base learners are both accurate and diverse?,Why is diversity among base learners as important as accuracy in building a strong ensemble?,Why is diversity among base learners as important as accuracy in building a strong ensemble?
"Ensemble methods often perform better because combining multiple models allows them to capture more patterns in the data, giving them an edge in achieving the most accurate predictions under complex or competitive scenarios.",Why do ensemble methods often outperform a single learner?,Why is a collection of models more effective than the best single model?,Analyze why ensemble methods often outperform the best single learner in competitions like KDD-Cup or Netflix Prize.,Why is diversity across multiple models valuable for prediction performance?,Analyze why ensemble methods often outperform the best single learner in competitions like KDD-Cup or Netflix Prize.
Methods like Bagging and AdaBoost turn weak learners into strong ones by combining many simple models so their small advantages over random guessing add up to highly accurate predictions.,Why can combining many simple models result in highly accurate predictions?,How do Bagging and AdaBoost transform weak learners into strong learners?,How do Bagging and AdaBoost differ from relying on a single weak learner?,Why are methods like Bagging and AdaBoost effective at producing strong learners from weak ones?,How do Bagging and AdaBoost transform weak learners into strong learners?
"Averaging works best for regression tasks with numeric outputs, while voting is more effective for classification tasks with categorical outputs.",Compare averaging and voting as combination methods. When is each method more effective?,When is averaging more effective than voting in machine learning tasks?,How does the nature of outputs (numeric vs categorical) explain the effectiveness of averaging and voting?,How do numeric outputs versus categorical outputs determine whether averaging or voting should be used?,Compare averaging and voting as combination methods. When is each method more effective?
"ECOC breaks a multi-class problem into several binary classifiers and combines them using coding theory, while DCS picks the single best classifier for each test case, but both aim to improve classification flexibility and accuracy.",How does ECOC approach multi-class problems differently from DCS?,Analyze the similarities and differences between Error-Correcting Output Codes (ECOC) and Dynamic Classifier Selection (DCS).,Why does ECOC use coding theory while DCS relies on choosing a single best classifier?,Compare the methods ECOC and DCS use to improve classification.,Analyze the similarities and differences between Error-Correcting Output Codes (ECOC) and Dynamic Classifier Selection (DCS).
"Stacking uses a meta-learner to combine the outputs of different models, unlike weighted averaging which just assigns fixed weights, giving stacking more flexibility and often better generalization.","How does stacking (combining by learning) differ from weighted averaging, and what advantages does it offer?",Why does stacking offer more flexibility than weighted averaging?,Compare the methods stacking and weighted averaging use to combine predictions.,What advantage does stacking provide over weighted averaging in terms of generalization?,"How does stacking (combining by learning) differ from weighted averaging, and what advantages does it offer?"