"The program would first try to move the target block. When this action fails because another block is on top, the program learns from this mistake and alters its own code to first remove any block that is on top before attempting the original move again.","If you were programming an AI to stack blocks, how would you apply the principles of Failure-Driven Learning to teach it to clear a block before moving it?",How would you use Learning by Induction (Supervised Learning) to train an image classifier to identify cats?,How would you apply Learning by Being Told to instruct a robot to tidy a room efficiently?,How would you use Learning by Analogy to solve a new programming problem you've never seen before?,"If you were programming an AI to stack blocks, how would you apply the principles of Failure-Driven Learning to teach it to clear a block before moving it?"
"After the system's Knowledge Base has been updated, the Performance Element uses that knowledge to execute the required task and produce the corresponding output.",How would you use the Learning Element to add new information to a machine learning system?,How would you use the Feedback Element to check if a learning system is performing correctly?,"In a general machine learning system, how would you use the Performance Element to solve a given problem?","In a machine learning system, what role would the Knowledge Base play?","In a general machine learning system, how would you use the Performance Element to solve a given problem?"
"You would store a perfect bitmap image for each character as a template, similar to using flashcards. The system would then match new characters against these memorized templates through repetition-based retrieval.","How would a programmer apply Learning by Analogy to adapt an existing Optical Character Recognition (OCR) system for a new, unseen font?",How would you apply the principle of Rote Learning to build a very basic Optical Character Recognition (OCR) system?,How would you apply Learning by Induction to build a more advanced Optical Character Recognition (OCR) system for handwritten text?,How could an Optical Character Recognition (OCR) system use Learning by Deduction to improve its accuracy when reading English text?,How would you apply the principle of Rote Learning to build a very basic Optical Character Recognition (OCR) system?
"You would apply a clustering algorithm. Since there is no supervisor providing correct output values, the algorithm would find regularities in the input data to identify natural groupings or 'clusters' of customers with similar attributes.",How would you apply Supervised Learning to train an autonomous car how to steer?,How could you apply Supervised Learning to create a spam filter for email?,"If you were a marketing analyst with a large, unlabelled customer dataset, how would you apply Unsupervised Learning to segment your customers?",How would you apply Reinforcement Learning to teach an AI to play a game like chess?,"If you were a marketing analyst with a large, unlabelled customer dataset, how would you apply Unsupervised Learning to segment your customers?"
"You would use customer data (e.g., income, savings) from past loans to train a model that learns a discriminant function. This function would then be applied to new applicants to assign them to one of two predefined classes: 'low-risk' or 'high-risk'.","If you were a real estate agent, how would you use regression to predict house prices?","If you were a bank manager, how would you use a classification model to assess the risk of new loan applicants?",How would you apply Learning Associations to analyse supermarket transactions?,"As a credit card company, how could you apply outlier detection to spot potential fraud?","If you were a bank manager, how would you use a classification model to assess the risk of new loan applicants?"
"To create a good ensemble, you should ensure the base learners are as accurate as possible and as diverse as possible.",How would you create a heterogeneous ensemble for a complex classification task?,How would you create a homogeneous ensemble using only decision tree algorithms?,How would you apply ensemble methods to learners that are only slightly better than a random guess?,"If you were assembling an ensemble of learners, what two principles would you apply to the individual base learners to ensure the ensemble is as effective as possible?","If you were assembling an ensemble of learners, what two principles would you apply to the individual base learners to ensure the ensemble is as effective as possible?"
"You would combine the AdaBoost algorithm with a cascade architecture. This approach creates a general object detection framework that is significantly faster than previous methods while maintaining comparable accuracy, making it a breakthrough for tasks like face detection.","As a computer vision engineer, how could you apply the framework proposed by Viola and Jones to build a fast and effective real-time face detector?",How would you apply ensemble methods to win a data science competition like the Netflix Prize?,How would you apply ensemble tracking to follow a specific person in a live video feed?,"If you were a cybersecurity expert, how would you apply ensemble methods to detect new malicious software?","As a computer vision engineer, how could you apply the framework proposed by Viola and Jones to build a fast and effective real-time face detector?"
"By combining the different hypotheses, you reduce the risk of mistakenly choosing a single one that may not predict future data well, even though it performed well on the training data.","How does applying an ensemble combination help reduce the ""bias"" of a learning algorithm?","How does applying an ensemble combination help reduce the ""variance"" of a learning algorithm?","How would you apply ensemble combination to address the representational issue, where the true answer cannot be expressed by any single model available to you?",How would you apply ensemble combination to overcome the statistical issue of having multiple hypotheses with the same accuracy on your training data?,How would you apply ensemble combination to overcome the statistical issue of having multiple hypotheses with the same accuracy on your training data?
You would take the class probability vectors from each individual classifier and average them to generate the final combined output probability distribution for each class.,How would you apply Weighted Soft Voting if your classifiers have different levels of reliability and produce probability outputs?,"If your ensemble of classifiers outputs class probabilities (e.g., 80% chance of Class A), how would you apply Soft Voting to combine their predictions?","If your classifiers only output a single, crisp class label, how would you apply Plurality Voting to combine them?",How would you apply Weighted Voting if some of your classifiers are known to be more accurate than others?,"If your ensemble of classifiers outputs class probabilities (e.g., 80% chance of Class A), how would you apply Soft Voting to combine their predictions?"
"If each classifier has an accuracy p > 0.5, the accuracy of the majority vote combination is monotonically increasing with the number of classifiers added. The ensemble's decision will be correct if at least half the classifiers plus one are correct, resulting in a higher overall accuracy.",How would you apply Simple Averaging to combine predictions from an ensemble of regression models?,How could you apply Error-Correcting Output Codes (ECOC) to solve a 4-class problem using only binary classifiers?,"How can you demonstrate the benefit of Majority Voting by combining an odd number of independent classifiers, each with an accuracy just over 50%?",How would you apply Stacking to combine multiple different types of classifiers?,"How can you demonstrate the benefit of Majority Voting by combining an odd number of independent classifiers, each with an accuracy just over 50%?"