"It can be created where the core steps of removing a node and generating successors remain the same. The algorithm's behavior is controlled by a single rule: adding successors to the beginning of the start list makes it function as DFS, while adding them to the end makes it function as BFS.","How can you use a priority queue to manage the open list, where the priority is determined by path cost for one algorithm and by depth for another?",What happens if you combine Depth-First Search's path-finding with Breadth-First Search's layer-by-layer exploration by alternating between the two algorithms at each level?,How could you create a unified search algorithm template that could be configured to behave as either Depth-First Search or Breadth-First Search by only changing the rule for adding successors to the start list?,What if you modify the goal test to switch between a shallow search and a deep search based on available memory?,How could you create a unified search algorithm template that could be configured to behave as either Depth-First Search or Breadth-First Search by only changing the rule for adding successors to the start list?
"A more robust form of the algorithm can be designed by adding logic to handle its failure states. When the algorithm gets stuck on a local maximum, it would backtrack to an earlier node to try a new path. If it encounters a plateau, it would make a large, random jump to a new section of the search space, and for a ridge, it would explore several directions at once.","What if you allow the algorithm to occasionally accept a downhill move with a certain probability to escape local optima, similar to simulated annealing?",How could you design a more robust version of the Hill Climbing algorithm by integrating the three strategies to overcome its drawbacks?,"How would you implement a memory list, also known as a tabu list, to prevent the algorithm from revisiting recently explored states?","How can the step size of the climb be dynamically adjusted, taking larger steps initially and smaller steps as it approaches a peak?",How could you design a more robust version of the Hill Climbing algorithm by integrating the three strategies to overcome its drawbacks?
"A hybrid strategy, known as iteratively deepening DFS, can be designed to address this specific scenario. It combines the low memory requirement of DFS with the shallow-solution guarantee of BFS. The algorithm performs a series of depth-limited DFS searches, starting with a shallow depth limit and incrementally increasing it, ensuring it finds the shallowest solution without the severe memory cost of BFS.","How would you use a beam search, which is a variant of BFS that only keeps a limited number of the most promising nodes at each level to save memory?","What if you perform a standard Depth-First Search but add a strict, predetermined depth limit to prevent it from going too deep into the search space?","How can you use a bidirectional search, searching from both the start and the goal simultaneously to reduce the search space and meet in the middle?",How would you design a hybrid search strategy for a problem where a solution is known to exist at a shallow depth but the memory is severely limited?,How would you design a hybrid search strategy for a problem where a solution is known to exist at a shallow depth but the memory is severely limited?
"To enhance a blind search we can add a heuristic evaluation function which estimates the cost from a node n to the goal. This transforms the algorithm from an uninformed search, which explores nodes in a predetermined order, into an informed search. The new algorithm would use the function value to explore the node that appears most likely to be nearest to the goal, improving the efficiency of the search process.",How would you enhance a blind search algorithm by integrating a heuristic function? Explain how this transforms into an informed search.,How would you modify a blind search to remember all visited nodes in a closed list to avoid getting stuck in infinite cycles?,"How can you enhance a blind search by prioritizing nodes that have fewer successor nodes, assuming simpler paths are more efficient?",How can you improve a blind search by simply randomizing the order of successors at each node to explore different paths on each run?,How would you enhance a blind search algorithm by integrating a heuristic function? Explain how this transforms into an informed search.
"We can adapt dynamic programming for word recognition by framing it as finding the most probable sequence of hidden states given observations. The algorithm would proceed step-by-step, calculating the most probable path ending in each possible letter at each position, based on transition and emission probabilities. This approach mirrors the Viterby algorithm, which uses the dynamic programming paradigm to achieve a time complexity of O(mr2) instead of an exponential brute-force search.","How can you use a simple dictionary lookup, comparing the input pattern against every word in a list until an exact match is found?","Can you create a method for recognizing a word in a sequence of patterns by adapting the Discrete Dynamic Programming algorithm to handle probabilities, as demonstrated by the Viterby algorithm?",How would you use a recursive backtracking algorithm to try all possible letter combinations that could form the observed patterns?,"What if you apply a divide-and-conquer strategy, splitting the pattern sequence in half and solving each part independently before combining the results?","Can you create a method for recognizing a word in a sequence of patterns by adapting the Discrete Dynamic Programming algorithm to handle probabilities, as demonstrated by the Viterby algorithm?"
"This would first use the heuristic DS to quickly narrow the search to a promising region of the dictionary. Once the search is localized, the second stage would employ a standard BS within that small region to find the exact word efficiently.","Suppose you could propose a two-stage search for finding a word in a very large digital dictionary by combining a heuristic Dictionary Search method with the precise Binary Search Algorithm, what would it look like?",What if you first use Binary Search to find the general area and then a heuristic search to pinpoint the exact word from common misspellings?,"How can you create a single, complex heuristic function that attempts to jump directly to the correct word in one step, replacing both search methods?","What happens if you parallelize a blind search, running it on multiple processors to explore different branches of the search tree simultaneously?","Suppose you could propose a two-stage search for finding a word in a very large digital dictionary by combining a heuristic Dictionary Search method with the precise Binary Search Algorithm, what would it look like?"
"This can be designed by running two searches concurrently, one forward from the start and one backward from the goal, until their frontiers meet. This approach would be more efficient than a unidirectional search when the branching factors in both directions are roughly equal.",Under what conditions would a search that expands from the middle of a potential path outwards towards both the start and goal be most efficient?,How would you design a search strategy that combines forward search from an initial state and backward search from a goal state and under what conditions would this bidirectional search be more efficient?,"What if you search forward from the start state, but use information from the goal state to create a better heuristic to guide the search?",How can you design a search that alternates between taking one step of Depth-First Search and one step of Breadth-First Search?,How would you design a search strategy that combines forward search from an initial state and backward search from a goal state and under what conditions would this bidirectional search be more efficient?
"An alternative strategy would deviate from Minimax's assumption that the opponent always makes the optimal move. After detecting a sub-optimal move, the program would switch from a purely defensive Minimax search to an opportunistic one. It would search for moves that, instead of just maximizing the guaranteed outcome, would lead to complex or volatile positions where a weaker opponent is more likely to make further errors.","How can you adjust the evaluation function to more heavily weigh material advantage, assuming a weak opponent is more likely to make blunders?",How would you create a search strategy for a program that detects its opponent is playing sub-optimally?,How would you create an alternative game-playing strategy for a program that detects its opponent is playing sub-optimally by synthesizing the Minimax procedure with the analysis of the optimal move question?,How would you modify Minimax to simply assume the opponent will make a random move instead of the best one?,How would you create an alternative game-playing strategy for a program that detects its opponent is playing sub-optimally by synthesizing the Minimax procedure with the analysis of the optimal move question?
"This would first use a plausible move generator to create a list of potential moves, then use a simple heuristic to sort them from most to least promising. This ordered list is then fed into the Alpha-Beta search algorithm.","How can you improve Alpha-Beta by using a deeper search for the opponent's expected best reply, a technique known as principal variation search?","How would you parallelize the Alpha-Beta algorithm, assigning different branches of the search tree to different processor cores to speed it up?",How would you improve the efficiency of the Minimax by combining it with a plausible move generator that heuristically orders moves before the search begins?,How would you propose a system that improves the efficiency of Alpha-Beta pruning by combining it with a plausible move generator that heuristically orders moves before the search begins?,How would you propose a system that improves the efficiency of Alpha-Beta pruning by combining it with a plausible move generator that heuristically orders moves before the search begins?
"A dynamic search depth plan can be created by implementing rules that modify depth based on game context. The program would search deeper when it has more time left and shallower when time is low. It would also adjust based on the game stage, using a deeper search in the endgame when there are fewer pieces and a shallower one in the complex opening.","How can a program dynamically change its board evaluation function, prioritizing king safety in the middlegame and pawn promotion in the endgame?",What if the program always searches to a fixed depth but uses a more powerful computer to complete the search in less time?,How would you propose a plan for a chess program to dynamically adjust the search depth of its Minimax algorithm?,How would you propose a plan for a go program to adjust the search depth of its Alpha-Beta?,How would you propose a plan for a chess program to dynamically adjust the search depth of its Minimax algorithm?